edineen,Ellie_Dineen,11,edineen@aol.com,(800) 796-4206,na
wzarate,Willa_Zarate,12,wzarate@aol.com,(952) 557-5068,na
rlaffoon,Rico_Laffoon,13,rlaffoon@aol.com,(771) 484-8032,na
syager,Syreeta_Yager,14,syager@aol.com,(755) 866-8918,na
amarchand,Arnetta_Marchand,15,amarchand@aol.com,(310) 220-6821,na
jfulop,Janee_Fulop,16,jfulop@yahoo.com,(595) 726-6668,na
bguilbert,Brett_Guilbert,17,bguilbert@yahoo.com,(410) 708-7193,na
lmatranga,Lamar_Matranga,18,lmatranga@yahoo.com,(925) 832-5527,na
vsimmonds,Van_Simmonds,19,vsimmonds@yahoo.com,(849) 778-1781,na
egillmore,Emmanuel_Gillmore,20,egillmore@yahoo.com,(643) 210-6174,na
gcopeland,Gabriella_Copeland,21,gcopeland@hotmail.com,(825) 908-0556,na
ghagel,Golda_Hagel,22,ghagel@hotmail.com,(491) 853-7748,na
owhiting,Oleta_Whiting,23,owhiting@hotmail.com,(675) 845-2396,na
dmosley,Davina_Mosley,24,dmosley@hotmail.com,(927) 995-0694,na
bbensen,Bobby_Bensen,25,bbensen@hotmail.com,(900) 657-3133,na
jnott,Jacquie_Nott,26,jnott@hotmail.com,(442) 856-5708,na
ksumner,Kaley_Sumner,27,ksumner@aol.com,(958) 380-2060,na
snygren,Shawna_Nygren,28,snygren@aol.com,(576) 636-8401,na
jcummings,Jude_Cummings,29,jcummings@yahoo.com,(553) 585-2478,na
mstaton,Maxima_Staton,30,mstaton@hotmail.com,(810) 780-0465,na